filename,predicted_plate,confidence,engine,was_flipped,ca_province,ca_series,ca_number,ca_full,edit_dist_full,norm_edit_dist,edit_dist_province,edit_dist_series,edit_dist_number,yolo_ms,ocr_ms,total_ms
0000_06886_b.jpg,59-C1 653.31,0.9959,paddleocr,False,True,True,True,True,2,0.8696,0,0,1,115.81,2320.09,2435.89
0004_06801_b.jpg,59-H1 549.86,0.9955,paddleocr,False,True,True,True,True,2,0.8696,0,0,1,24.63,477.64,502.27
0006_05286_b.jpg,59-C1 653.31,0.991,paddleocr,False,True,True,True,True,2,0.8696,0,0,1,23.41,484.29,507.7
0006_06035_b.jpg,59-U1 396.19,0.9879,paddleocr,False,True,True,True,True,2,0.8696,0,0,1,21.36,473.43,494.79
0007_02188_b.jpg,60-B5 557.23,0.9774,paddleocr,False,True,True,True,True,2,0.8696,0,0,1,23.4,499.31,522.71
0007_05159_b.jpg,37-N1 079.18,0.9557,paddleocr,False,True,False,True,False,3,0.7826,0,1,1,22.13,475.27,497.4
0018_07248_b.jpg,77-F1 305.41,0.9965,paddleocr,False,True,True,True,True,2,0.8696,0,0,1,23.66,458.49,482.15
0019_01137_b.jpg,59-V1 840.31,0.9936,paddleocr,False,True,True,True,True,2,0.8696,0,0,1,21.91,478.58,500.49
0020_02063_b.jpg,63-89 579.26,0.9607,paddleocr,False,True,True,True,True,3,0.7826,0,1,1,23.06,467.44,490.5
0025_00457_b.jpg,59-B1 349.17,0.9896,paddleocr,False,True,True,True,True,2,0.8696,0,0,1,28.73,461.07,489.79
0028_08102_b.jpg,59-C1 005.07,0.9978,paddleocr,False,True,True,True,True,2,0.8696,0,0,1,23.81,450.59,474.41
0043_01757_b.jpg,65-F1 315.32,0.9784,paddleocr,False,True,True,True,True,2,0.8696,0,0,1,21.74,623.91,645.65
0045_01821_b.jpg,49-B1 312.15,0.9965,paddleocr,False,True,True,True,True,2,0.8696,0,0,1,43.31,540.87,584.18
0047_00966_b.jpg,54-S7 6317,0.9301,paddleocr,False,True,False,False,False,3,0.7,0,1,1,39.71,578.18,617.89
0048_01689_b.jpg,51-R5 6273,0.9973,paddleocr,False,True,True,True,True,1,0.9,0,0,0,23.55,452.63,476.18
0051_01757_b.jpg,65-F1 315.32,0.9931,paddleocr,False,True,True,True,True,2,0.8696,0,0,1,22.87,472.58,495.45
0054_00940_b.jpg,59-L1 540.63,0.9869,paddleocr,False,True,True,True,True,2,0.8696,0,0,1,22.69,443.75,466.44
0059_04971_b.jpg,59-F1 381.51,0.9987,paddleocr,False,True,True,True,True,2,0.8696,0,0,1,21.09,456.26,477.35
0100_01595_b.jpg,63-Y1 0200,0.9975,paddleocr,False,True,True,True,True,1,0.9,0,0,0,21.13,459.04,480.17
0101_00088_b.jpg,67-L1 066.69,0.9939,paddleocr,False,True,True,True,True,2,0.8696,0,0,1,21.7,472.77,494.47
0101_01261_b.jpg,59-S2 352.05,0.9974,paddleocr,False,True,True,True,True,2,0.8696,0,0,1,21.54,459.36,480.9
0101_01715_b.jpg,86-B3 198.58,0.9665,paddleocr,False,True,True,True,True,2,0.8696,0,0,1,21.08,460.02,481.09
0101_07107_b.jpg,71-S3 5011,0.9939,paddleocr,False,True,True,True,True,1,0.9,0,0,0,21.83,462.74,484.58
0102_00398_b.jpg,60-B8 137.05,0.9544,paddleocr,False,True,True,True,True,2,0.8696,0,0,1,21.6,498.76,520.36
0103_01697_b.jpg,95-AA 008.39,0.8875,paddleocr,False,True,True,True,True,2,0.8696,0,0,1,21.91,444.42,466.33
0104_00171_b.jpg,59-H1 622.81,0.9993,paddleocr,False,True,True,True,True,2,0.8696,0,0,1,20.84,477.78,498.62
0107_00252_b.jpg,59-S1 313.86,0.9938,paddleocr,False,True,True,True,True,2,0.8696,0,0,1,21.09,475.13,496.22
0108_05849_b.jpg,59-P1 832.57,0.9876,paddleocr,False,True,True,True,True,2,0.8696,0,0,1,21.02,457.95,478.98
0110_04515_b.jpg,8717 5S-75,0.676,paddleocr,False,False,False,False,False,10,0.2,2,2,4,20.87,474.96,495.84
0114_00145_b.jpg,47-81 428.72,0.9966,paddleocr,False,True,True,True,True,3,0.7826,0,1,1,21.05,446.08,467.14
0116_00148_b.jpg,59-U1 352.26,0.9902,paddleocr,False,True,True,True,True,2,0.8696,0,0,1,20.86,473.07,493.93
0117_00148_b.jpg,59-01 352.26,0.98,paddleocr,False,True,False,True,False,3,0.7826,0,1,1,21.11,448.85,469.96
0118_00750_b.jpg,85-D1 016.11,0.9871,paddleocr,False,True,True,True,True,2,0.8696,0,0,1,22.12,478.28,500.4
0118_00754_b.jpg,72-C1 360.87,0.9988,paddleocr,False,True,True,True,True,2,0.8696,0,0,1,20.66,477.51,498.17
0118_01998_b.jpg,66-P1 5739,0.9981,paddleocr,False,True,True,True,True,1,0.9,0,0,0,20.71,475.26,495.97
0118_07169_b.jpg,51-73 0606,0.9614,paddleocr,False,True,False,True,False,2,0.8,0,1,0,21.04,447.79,468.83
0119_01947_b.jpg,54-S5 5036,0.9891,paddleocr,False,True,True,True,True,1,0.9,0,0,0,20.43,475.9,496.33
0121_06062_b.jpg,67-B1 408.33,0.9958,paddleocr,False,True,True,True,True,2,0.8696,0,0,1,21.17,458.15,479.33
0121_07251_b.jpg,76-G1 120.00,0.991,paddleocr,False,True,True,True,True,2,0.8696,0,0,1,21.02,477.39,498.41
0122_00752_b.jpg,59-L1 847.59,0.9892,paddleocr,False,True,True,True,True,2,0.8696,0,0,1,21.4,456.7,478.1
0123_00918_b.jpg,59-S1 746.13,0.9874,paddleocr,False,True,True,True,True,2,0.8696,0,0,1,20.92,457.39,478.31
0123_02088_b.jpg,60-B1 864.36,0.9953,paddleocr,False,True,True,True,True,2,0.8696,0,0,1,20.77,447.07,467.85
0123_04299_b.jpg,59-S1 594.84,0.9546,paddleocr,False,True,True,True,True,2,0.8696,0,0,1,20.52,475.05,495.58
0125_01920_b.jpg,59-E1 036.40,0.9769,paddleocr,False,True,True,True,True,2,0.8696,0,0,1,21.13,440.67,461.8
0125_02242_b.jpg,5y-V2 158.00,0.8384,paddleocr,False,False,False,False,False,3,0.7826,2,8,5,20.86,487.46,508.32
0126_00940_b.jpg,59-L1 540.63,0.9885,paddleocr,False,True,True,True,True,2,0.8696,0,0,1,23.24,459.42,482.67
0127_04803_b.jpg,59-T1 316.54,0.9769,paddleocr,False,True,True,False,False,3,0.7826,0,0,2,21.26,472.14,493.39
0128_08102_b.jpg,47-N6 9618,0.9961,paddleocr,False,True,True,True,True,1,0.9,0,0,0,21.95,455.57,477.52
0129_00608_b.jpg,60-66 087.97,0.817,paddleocr,False,False,False,True,False,5,0.6957,2,1,1,21.25,473.02,494.27
0130_01078_b.jpg,62-L1 227.67,0.9916,paddleocr,False,True,True,True,True,2,0.8696,0,0,1,22.22,490.9,513.13
0131_00436_b.jpg,59-M1 03519,0.9332,paddleocr,False,True,True,True,True,1,0.9091,0,0,0,24.13,644.62,668.75
0131_00635_b.jpg,59-L1 785.82,0.9902,paddleocr,False,True,True,True,True,2,0.8696,0,0,1,45.96,506.58,552.54
0131_00733_b.jpg,59-Y1 608.11,0.9989,paddleocr,False,True,True,True,True,2,0.8696,0,0,1,26.04,641.84,667.88
0131_00774_b.jpg,59-K1 832.35,0.9977,paddleocr,False,True,True,True,True,2,0.8696,0,0,1,32.14,457.27,489.41
0131_05638_b.jpg,59-01 462.88,0.9899,paddleocr,False,True,True,True,True,3,0.7826,0,1,1,21.67,452.12,473.79
0132_02227_b.jpg,59-E1 252.97,0.9814,paddleocr,False,True,True,True,True,2,0.8696,0,0,1,23.33,442.27,465.6
0132_04704_b.jpg,59-S2 278.31,0.9723,paddleocr,False,True,True,True,True,2,0.8696,0,0,1,25.77,503.24,529.02
0132_04939_b.jpg,59-P1 558.11,0.9928,paddleocr,False,True,True,True,True,2,0.8696,0,0,1,22.05,453.39,475.43
0133_04344_b.jpg,59:F1 474.04,0.9571,paddleocr,False,True,True,True,True,2,0.8696,0,2,2,22.9,458.7,481.61
0134_00408_b.jpg,51-L3 3664,0.9954,paddleocr,False,True,True,True,True,1,0.9,0,0,0,21.93,476.69,498.62
0134_00660_b.jpg,59-F1 314.69,0.9949,paddleocr,False,True,True,True,True,2,0.8696,0,0,1,22.8,451.52,474.31
0134_01049_b.jpg,54-72 8101,0.9578,paddleocr,False,True,False,True,False,2,0.8,0,1,0,21.97,456.04,478.01
0134_05469_b.jpg,59-N2 720.61,0.9648,paddleocr,False,True,True,True,True,2,0.8696,0,0,1,23.46,463.61,487.07
0135_00957_b.jpg,52-F6 4378,0.9849,paddleocr,False,True,True,True,True,1,0.9,0,0,0,22.65,476.43,499.08
0136_02540_b.jpg,85-B1 178.51,0.9942,paddleocr,False,True,True,True,True,2,0.8696,0,0,1,22.87,453.25,476.12
0136_02545_b.jpg,51-T4 2133,0.9978,paddleocr,False,True,True,True,True,1,0.9,0,0,0,21.98,501.16,523.14
0136_06222_b.jpg,60 B6 280.32,0.8639,paddleocr,False,True,True,True,True,1,0.9565,0,0,1,22.27,446.56,468.84
0136_07165_b.jpg,59-E1 080.58,0.9732,paddleocr,False,True,True,True,True,2,0.8696,0,0,1,22.06,482.93,504.99
0137_01848_b.jpg,51-Y6 7665,0.9934,paddleocr,False,True,True,True,True,1,0.9,0,0,0,23.59,551.02,574.61
0137_06297_b.jpg,95-DB 011.79,0.9948,paddleocr,False,True,True,True,True,2,0.8696,0,0,1,24.05,461.1,485.15
0138_04710_b.jpg,60-C1 237.74,0.9922,paddleocr,False,True,True,True,True,2,0.8696,0,0,1,25.01,484.06,509.07
0138_05250_b.jpg,60-P7 1246,0.9979,paddleocr,False,True,True,True,True,1,0.9,0,0,0,22.4,462.31,484.71
0139_05267_b.jpg,L0900 V3-0L,0.7793,paddleocr,False,False,False,False,False,9,0.2727,2,9,5,23.95,454.21,478.16
0139_06601_b.jpg,59-K1 144.68,0.9799,paddleocr,False,True,True,True,True,2,0.8696,0,0,1,22.4,460.24,482.64
0139_07305_b.jpg,59-T1 608.30,0.9889,paddleocr,False,True,True,True,True,2,0.8696,0,0,1,21.83,476.28,498.1
0139_07352_b.jpg,59 F1 238.65,0.9533,paddleocr,False,True,True,True,True,1,0.9565,0,0,1,22.38,524.9,547.28
0140_00057_b.jpg,59-U1 457.81,0.9912,paddleocr,False,True,True,True,True,2,0.8696,0,0,1,23.07,467.56,490.63
0140_04869_b.jpg,54-T1 6084,0.9772,paddleocr,False,True,True,True,True,1,0.9,0,0,0,22.89,486.81,509.7
0141_02242_b.jpg,59-V2 158.00,0.9981,paddleocr,False,True,True,True,True,2,0.8696,0,0,1,29.97,473.77,503.74
0142_02613_b.jpg,62-N1 32746,0.9658,paddleocr,False,True,True,True,True,1,0.9091,0,0,0,21.61,451.47,473.08
0143_02079_b.jpg,59-C1 399.16,0.9983,paddleocr,False,True,True,True,True,2,0.8696,0,0,1,23.51,621.8,645.3
0143_02624_b.jpg,59-C2 305.13,0.9624,paddleocr,False,True,True,True,True,2,0.8696,0,0,1,24.64,484.42,509.06
0143_04789_b.jpg,59-M1 563.78,0.9297,paddleocr,False,True,True,True,True,2,0.8696,0,0,1,21.39,452.46,473.84
0143_06806_b.jpg,70-L1 370.96,0.9947,paddleocr,False,True,True,True,True,2,0.8696,0,0,1,22.79,482.68,505.47
0143_08168_b.jpg,54-X2 6487,0.9989,paddleocr,False,True,True,True,True,1,0.9,0,0,0,21.79,481.98,503.77
0144_00053_b.jpg,59-H1 028.76,0.9971,paddleocr,False,True,True,True,True,2,0.8696,0,0,1,22.27,458.84,481.11
0144_04987_b.jpg,59-K1 624.04,0.9979,paddleocr,False,True,True,True,True,2,0.8696,0,0,1,21.94,477.53,499.46
0145_05660_b.jpg,59-X2 354.79,0.9908,paddleocr,False,True,True,True,True,2,0.8696,0,0,1,21.92,482.11,504.03
0146_01640_b.jpg,59-V2 JU8.84,0.9167,paddleocr,False,True,True,False,False,4,0.6957,0,0,3,23.45,462.78,486.23
0146_06747_b.jpg,59-D2 064.28,0.9869,paddleocr,False,True,True,True,True,2,0.8696,0,0,1,21.21,472.92,494.13
0147_00127_b.jpg,49-M7 1975,0.9995,paddleocr,False,True,True,True,True,1,0.9,0,0,0,21.66,497.23,518.89
0147_02536_b.jpg,51-L8 0104,0.9949,paddleocr,False,True,True,True,True,1,0.9,0,0,0,21.42,458.12,479.54
0147_06999_b.jpg,66-S1 090.18,0.9535,paddleocr,False,True,True,True,True,2,0.8696,0,0,1,21.54,458.97,480.51
0149_00951_b.jpg,62-V1 6814,0.9925,paddleocr,False,True,True,True,True,1,0.9,0,0,0,23.99,666.24,690.23
0149_05849_b.jpg,70-G1 135.09,0.9976,paddleocr,False,True,True,True,True,2,0.8696,0,0,1,69.75,484.89,554.64
0150_01640_b.jpg,78'800 ZA-65,0.9113,paddleocr,False,False,False,False,False,11,0.1739,2,2,4,25.82,483.96,509.78
0150_04096_b.jpg,70-B1 551.32,0.9494,paddleocr,False,True,True,True,True,2,0.8696,0,0,1,23.65,483.01,506.66
0150_04829_b.jpg,51-S2 5013,0.9944,paddleocr,False,True,True,True,True,1,0.9,0,0,0,21.38,460.62,482.0
0150_06837_b.jpg,L7-R1 4301,0.959,paddleocr,False,False,False,False,False,2,0.8,2,6,4,21.53,454.93,476.46
0150_08257_b.jpg,60-B2 063.70,0.9213,paddleocr,False,True,True,True,True,2,0.8696,0,0,1,22.2,467.41,489.61
0151_04111_b.jpg,48-81 288.07,0.9507,paddleocr,False,True,True,True,True,3,0.7826,0,1,1,23.92,482.8,506.72
0151_08171_b.jpg,72-K1 254.76,0.9987,paddleocr,False,True,True,True,True,2,0.8696,0,0,1,24.04,460.97,485.01
0151_08249_b.jpg,52-S3 7078,0.993,paddleocr,False,True,True,True,True,1,0.9,0,0,0,22.78,477.97,500.76
0153_00460_b.jpg,59-T1 599.73,0.9949,paddleocr,False,True,True,True,True,2,0.8696,0,0,1,22.39,461.31,483.7
0153_00906_b.jpg,54-H1 5326,0.9909,paddleocr,False,True,True,True,True,1,0.9,0,0,0,21.71,454.34,476.05
0154_00518_b.jpg,64-K4 7483,0.9962,paddleocr,False,True,True,True,True,1,0.9,0,0,0,21.88,461.99,483.87
0154_02257_b.jpg,11620 10-19,0.7298,paddleocr,False,False,False,False,False,8,0.4545,1,2,3,21.89,500.15,522.04
0157_00096_b.jpg,59-P2 002.63,0.9986,paddleocr,False,True,True,True,True,2,0.8696,0,0,1,23.01,486.15,509.16
0157_01727_b.jpg,69-D1 056.61,0.9823,paddleocr,False,True,True,True,True,2,0.8696,0,0,1,21.55,473.38,494.93
0158_00834_b.jpg,59-E1 192.83,0.9962,paddleocr,False,True,True,True,True,2,0.8696,0,0,1,22.14,459.76,481.9
0159_04916_b.jpg,59-E1 563.47,0.971,paddleocr,False,True,True,True,True,2,0.8696,0,0,1,21.98,460.63,482.61
0200_06533_b.jpg,54-K4 8147,0.9942,paddleocr,False,True,True,True,True,1,0.9,0,0,0,22.19,481.02,503.21
0201_05131_b.jpg,59-S1 953.82,0.9835,paddleocr,False,True,True,True,True,2,0.8696,0,0,1,22.33,478.24,500.57
0202_04264_b.jpg,78-E1 241.13,0.9992,paddleocr,False,True,True,True,True,2,0.8696,0,0,1,22.0,480.85,502.85
0205_04086_b.jpg,59-S1 311.97,0.9917,paddleocr,False,True,True,True,True,2,0.8696,0,0,1,22.36,442.73,465.09
0205_04478_b.jpg,59-L2 054.42,0.9666,paddleocr,False,True,True,True,True,2,0.8696,0,0,1,22.18,534.57,556.76
0207_01409_b.jpg,59-D1 438.20,0.9892,paddleocr,False,True,True,True,True,2,0.8696,0,0,1,26.11,475.73,501.84
0207_04185_b.jpg,59-L1 567.20,0.9949,paddleocr,False,True,True,True,True,2,0.8696,0,0,1,22.18,441.2,463.38
0208_01163_b.jpg,59-P1 526.39,0.9929,paddleocr,False,True,True,True,True,2,0.8696,0,0,1,21.9,477.17,499.08
0208_04293_b.jpg,59-H1 528.50,0.9938,paddleocr,False,True,True,True,True,2,0.8696,0,0,1,21.75,477.54,499.29
0208_06253_b.jpg,59-B1 221.19,0.9439,paddleocr,False,True,True,True,True,2,0.8696,0,0,1,22.19,456.32,478.51
0209_04828_b.jpg,59 F1 188.14,0.9616,paddleocr,False,True,True,True,True,1,0.9565,0,0,1,22.31,458.18,480.48
0209_08290_b.jpg,59-C1 496.84,0.998,paddleocr,False,True,True,True,True,2,0.8696,0,0,1,22.07,461.27,483.34
0210_01045_b.jpg,59-E1 295.65,0.9853,paddleocr,False,True,True,True,True,2,0.8696,0,0,1,21.89,476.61,498.5
0210_04345_b.jpg,59-S1 103.93,0.9419,paddleocr,False,True,True,True,True,2,0.8696,0,0,1,22.39,477.77,500.16
0211_04855_b.jpg,54-R2 2733,0.9982,paddleocr,False,True,True,True,True,1,0.9,0,0,0,21.75,477.32,499.07
0211_07006_b.jpg,69-U1 3670,0.964,paddleocr,False,True,True,True,True,1,0.9,0,0,0,21.81,476.13,497.93
0211_08346_b.jpg,49-E1 15383,0.9889,paddleocr,False,True,True,True,True,1,0.9091,0,0,0,21.77,481.05,502.81
0212_02007_b.jpg,51-K2 8501,0.9776,paddleocr,False,True,True,True,True,1,0.9,0,0,0,20.99,477.56,498.55
0213_01426_b.jpg,52-F7 3840,0.9983,paddleocr,False,True,True,True,True,1,0.9,0,0,0,21.23,460.78,482.02
0214_04674_b.jpg,51-X9 1894,0.9785,paddleocr,False,True,True,True,True,1,0.9,0,0,0,21.17,476.07,497.24
0215_04767_b.jpg,59-C1 309.23,0.9895,paddleocr,False,True,True,True,True,2,0.8696,0,0,1,21.92,442.8,464.72
0216_04264_b.jpg,71-B1 125.22,0.9939,paddleocr,False,True,True,True,True,2,0.8696,0,0,1,21.81,450.54,472.35
0216_04997_b.jpg,81-H1 2204,0.9974,paddleocr,False,True,True,True,True,1,0.9,0,0,0,22.1,478.27,500.37
0217_00819_b.jpg,55-X1 7546,0.9993,paddleocr,False,True,True,True,True,1,0.9,0,0,0,21.92,461.81,483.73
0217_04676_b.jpg,59-U1 591.75,0.9908,paddleocr,False,True,True,True,True,2,0.8696,0,0,1,21.61,458.41,480.02
0219_06384_b.jpg,59-L2 054.42,0.9985,paddleocr,False,True,True,True,True,2,0.8696,0,0,1,22.17,479.27,501.44
0219_06795_b.jpg,68-X1 210.02,0.995,paddleocr,False,True,True,True,True,2,0.8696,0,0,1,21.88,476.9,498.79
0220_05177_b.jpg,59 S2 510.95,0.9248,paddleocr,False,True,True,True,True,1,0.9565,0,0,1,22.77,459.65,482.42
0221_07069_b.jpg,78-D1 084.69,0.9887,paddleocr,False,True,True,True,True,2,0.8696,0,0,1,21.8,545.96,567.76
0221_08150_b.jpg,16-M9 0826,0.9958,paddleocr,False,True,True,True,True,1,0.9,0,0,0,35.09,613.2,648.29
0222_08157_b.jpg,62-S3 5031,0.9784,paddleocr,False,True,True,True,True,1,0.9,0,0,0,63.01,587.11,650.13
0225_06388_b.jpg,59-F1 629.19,0.992,paddleocr,False,True,True,True,True,2,0.8696,0,0,1,31.32,556.56,587.89
0228_01938_b.jpg,59-N1 014.25,0.9937,paddleocr,False,True,True,True,True,2,0.8696,0,0,1,38.2,594.78,632.98
0231_04847_b.jpg,52-F3 7458,0.9703,paddleocr,False,True,True,True,True,1,0.9,0,0,0,37.17,541.16,578.33
0231_05371_b.jpg,52-S2 4832,0.981,paddleocr,False,True,True,True,True,1,0.9,0,0,0,24.15,483.07,507.22
0233_04418_b.jpg,55-P4 8831,0.9979,paddleocr,False,True,True,True,True,1,0.9,0,0,0,23.92,500.37,524.29
0233_05976_b.jpg,54-F3 0667,0.9981,paddleocr,False,True,True,True,True,1,0.9,0,0,0,31.24,502.73,533.96
0233_06485_b.jpg,59-Y1 713.64,0.9961,paddleocr,False,True,True,True,True,2,0.8696,0,0,1,24.12,478.08,502.21
0234_04594_b.jpg,53-X6 6011,0.9975,paddleocr,False,True,True,True,True,1,0.9,0,0,0,28.33,511.08,539.41
0234_04694_b.jpg,60-B9 383.85,0.9805,paddleocr,False,True,True,False,False,4,0.6957,0,0,3,30.17,455.91,486.08
0234_05151_b.jpg,59-F1 313.16,0.9798,paddleocr,False,True,True,True,True,2,0.8696,0,0,1,24.88,511.86,536.74
0234_05215_b.jpg,55-Y1 9833,0.9884,paddleocr,False,True,True,True,True,1,0.9,0,0,0,39.16,542.39,581.55
0235_00464_b.jpg,54-Y9 9149,0.9985,paddleocr,False,True,True,True,True,1,0.9,0,0,0,25.09,494.49,519.58
0236_04241_b.jpg,95-H1 121.78,0.9967,paddleocr,False,True,True,True,True,2,0.8696,0,0,1,30.89,595.66,626.55
0238_01814_b.jpg,78-N2 5203,0.9963,paddleocr,False,True,True,True,True,1,0.9,0,0,0,61.65,560.77,622.42
0238_07112_b.jpg,95-E1 177.63,0.9981,paddleocr,False,True,True,True,True,2,0.8696,0,0,1,25.24,640.23,665.47
0239_00719_b.jpg,82119 5X-62,0.6891,paddleocr,False,False,False,False,False,10,0.3636,2,2,5,44.79,532.26,577.06
0240_04445_b.jpg,59-Z1 139.30,0.9949,paddleocr,False,True,True,True,True,2,0.8696,0,0,1,36.69,496.03,532.72
0240_06217_b.jpg,59-U1 932.21,0.9904,paddleocr,False,True,True,True,True,2,0.8696,0,0,1,25.25,471.37,496.62
0240_06702_b.jpg,52-N5 2030,0.9965,paddleocr,False,True,True,True,True,1,0.9,0,0,0,21.88,450.31,472.19
0241_08258_b.jpg,60-C1 619.75,0.9969,paddleocr,False,True,True,True,True,2,0.8696,0,0,1,24.63,450.79,475.41
0242_05960_b.jpg,5Q-K2 012.24,0.9179,paddleocr,False,False,False,False,False,3,0.7826,2,8,5,22.86,503.29,526.16
0242_06966_b.jpg,85-R8 3682,0.9987,paddleocr,False,True,True,True,True,1,0.9,0,0,0,22.38,447.33,469.72
0242_07067_b.jpg,59-C2 274.15,0.9989,paddleocr,False,True,True,True,True,2,0.8696,0,0,1,22.42,449.38,471.79
0243_05688_b.jpg,59-P1 331.63,0.9984,paddleocr,False,True,True,True,True,2,0.8696,0,0,1,22.34,464.02,486.36
0243_06197_b.jpg,59-H1 254.60,0.9881,paddleocr,False,True,True,False,False,3,0.7826,0,0,2,21.56,443.36,464.92
0245_00460_b.jpg,59-T1 599.73,0.9988,paddleocr,False,True,True,True,True,2,0.8696,0,0,1,20.59,497.47,518.06
0245_04694_b.jpg,61-C1 527.87,0.9488,paddleocr,False,True,True,True,True,2,0.8696,0,0,1,22.56,496.11,518.67
0246_04669_b.jpg,60-C2 006.84,0.9921,paddleocr,False,True,True,True,True,2,0.8696,0,0,1,28.27,460.38,488.64
0246_04989_b.jpg,52-T5 6177,0.9633,paddleocr,False,True,True,True,True,1,0.9,0,0,0,28.27,449.03,477.29
0247_04916_b.jpg,59-N1 217.04,0.9129,paddleocr,False,True,False,True,False,3,0.7826,0,1,1,21.9,463.58,485.49
0248_08125_b.jpg,67-B1 696.60,0.9869,paddleocr,False,True,True,True,True,2,0.8696,0,0,1,22.54,461.67,484.21
0249_00316_b.jpg,59-U1 497.26,0.9944,paddleocr,False,True,True,True,True,2,0.8696,0,0,1,23.54,447.77,471.3
0249_00586_b.jpg,59-S2 080.82,0.9963,paddleocr,False,True,True,True,True,2,0.8696,0,0,1,26.66,489.29,515.95
0249_06036_b.jpg,67-G1 067.16,0.9752,paddleocr,False,True,True,True,True,2,0.8696,0,0,1,21.81,460.9,482.71
0250_06810_b.jpg,59-L1 481.83,0.9672,paddleocr,False,True,True,True,True,2,0.8696,0,0,1,22.62,457.05,479.67
0251_04333_b.jpg,54-S8 5452,0.9931,paddleocr,False,True,True,True,True,1,0.9,0,0,0,23.99,472.72,496.71
0251_04747_b.jpg,59-X2 651.76,0.9974,paddleocr,False,True,True,True,True,2,0.8696,0,0,1,23.3,479.93,503.22
0251_06093_b.jpg,60-FL 7420,0.9967,paddleocr,False,True,True,True,True,1,0.9,0,0,0,23.06,450.68,473.74
0251_06509_b.jpg,59-P2 112.06,0.9993,paddleocr,False,True,True,True,True,2,0.8696,0,0,1,21.06,476.32,497.38
0253_05888_b.jpg,59-P2 083.24,0.999,paddleocr,False,True,True,True,True,2,0.8696,0,0,1,20.67,468.81,489.47
0253_06153_b.jpg,59-P2 231.03,0.9967,paddleocr,False,True,True,True,True,2,0.8696,0,0,1,21.95,464.64,486.6
0254_05925_b.jpg,77-H1 068.30,0.9912,paddleocr,False,True,True,True,True,2,0.8696,0,0,1,21.74,550.88,572.61
0255_06511_b.jpg,59-P1 89207,0.9721,paddleocr,False,True,True,False,False,2,0.8182,0,0,1,42.86,558.69,601.56
0255_07272_b.jpg,59-P1 857.00,0.9953,paddleocr,False,True,True,True,True,2,0.8696,0,0,1,25.38,534.94,560.32
0256_05284_b.jpg,0291 6S-79,0.6676,paddleocr,False,False,False,False,False,10,0.3,2,2,4,50.47,1355.38,1405.85
0256_06104_b.jpg,59-H1 157.93,0.9776,paddleocr,False,True,True,True,True,2,0.8696,0,0,1,84.86,490.19,575.04
0256_06336_b.jpg,66-P1 519.93,0.9988,paddleocr,False,True,True,True,True,2,0.8696,0,0,1,24.57,486.86,511.43
0256_06748_b.jpg,51-L6 8446,0.9982,paddleocr,False,True,True,True,True,1,0.9,0,0,0,25.63,451.15,476.78
0257_04316_b.jpg,54-S8 5452,0.9675,paddleocr,False,True,True,True,True,1,0.9,0,0,0,22.25,461.39,483.64
0258_00465_b.jpg,37-E1 191.45,0.9973,paddleocr,False,True,True,True,True,2,0.8696,0,0,1,22.18,477.43,499.62
0258_02192_b.jpg,59-H1 477.51,0.9968,paddleocr,False,True,True,True,True,2,0.8696,0,0,1,22.7,483.42,506.12
0258_05228_b.jpg,54-H4 4091,0.9982,paddleocr,False,True,True,True,True,1,0.9,0,0,0,21.0,514.92,535.92
0258_05987_b.jpg,61-S4 0134,0.9882,paddleocr,False,True,True,True,True,1,0.9,0,0,0,26.43,513.29,539.72
0259_04193_b.jpg,54-S1 6830,0.9957,paddleocr,False,True,True,True,True,1,0.9,0,0,0,24.36,485.72,510.08
0259_06071_b.jpg,59-T1 656.71,0.9991,paddleocr,False,True,True,True,True,2,0.8696,0,0,1,24.39,464.88,489.27
0300_06559_b.jpg,62-H5 7108,0.9391,paddleocr,False,True,True,True,True,1,0.9,0,0,0,23.53,479.85,503.39
0300_07384_b.jpg,59-E1 708.50,0.9347,paddleocr,False,True,True,True,True,2,0.8696,0,0,1,22.55,461.34,483.89
0301_06356_b.jpg,81-G1 135.56,0.9951,paddleocr,False,True,True,True,True,2,0.8696,0,0,1,22.71,484.07,506.78
0302_02259_b.jpg,55-X8 6970,0.9868,paddleocr,False,True,True,True,True,1,0.9,0,0,0,23.6,479.69,503.29
0302_05034_b.jpg,50.02 506.21,0.885,paddleocr,False,False,False,True,False,4,0.6957,1,2,2,22.26,461.02,483.29
0302_07260_b.jpg,59-V2 263.10,0.9764,paddleocr,False,True,True,True,True,2,0.8696,0,0,1,22.55,460.68,483.23
0302_08192_b.jpg,59-F1 732.70,0.9918,paddleocr,False,True,True,True,True,2,0.8696,0,0,1,94.3,483.78,578.07
0303_01887_b.jpg,59-D1 887.28,0.9976,paddleocr,False,True,True,True,True,2,0.8696,0,0,1,21.49,480.65,502.15
0303_06563_b.jpg,52-P2 0878,0.9882,paddleocr,False,True,True,True,True,1,0.9,0,0,0,22.41,461.22,483.63
0304_04071_b.jpg,59-D1 502.16,0.996,paddleocr,False,True,True,True,True,2,0.8696,0,0,1,23.67,497.22,520.88
0304_04979_b.jpg,67-B1 696.60,0.9944,paddleocr,False,True,True,True,True,2,0.8696,0,0,1,26.97,518.76,545.73
0304_05676_b.jpg,59-F1 631.86,0.9943,paddleocr,False,True,True,True,True,2,0.8696,0,0,1,24.32,487.95,512.27
0304_07392_b.jpg,54-V1 5558,0.9983,paddleocr,False,True,True,True,True,1,0.9,0,0,0,30.04,466.14,496.18
0305_01307_b.jpg,59-F1 651.71,0.9995,paddleocr,False,True,True,True,True,2,0.8696,0,0,1,27.23,492.88,520.11
0305_08299_b.jpg,55-P8 9613,0.9967,paddleocr,False,True,True,True,True,1,0.9,0,0,0,27.19,483.4,510.59
0306_04292_b.jpg,59-L1 165.11,0.9953,paddleocr,False,True,True,True,True,2,0.8696,0,0,1,23.29,482.84,506.13
0307_05979_b.jpg,59-S1 062.41,0.986,paddleocr,False,True,True,True,True,2,0.8696,0,0,1,22.27,502.59,524.86
0308_07234_b.jpg,54-R1 1147,0.9866,paddleocr,False,True,True,True,True,1,0.9,0,0,0,22.12,451.28,473.39
0309_06495_b.jpg,71-C2 321.49,0.9992,paddleocr,False,True,True,True,True,2,0.8696,0,0,1,21.33,478.02,499.35
0311_04070_b.jpg,62-P1 519.09,0.992,paddleocr,False,True,True,True,True,2,0.8696,0,0,1,20.86,479.86,500.72
0312_00517_b.jpg,59-P2 11C.73,0.992,paddleocr,False,True,True,False,False,3,0.7826,0,0,2,21.73,449.99,471.71
0312_05588_b.jpg,708S LZ-6L,0.8636,paddleocr,False,False,False,False,False,9,0.3,1,2,4,22.06,475.94,498.01
0312_08282_b.jpg,75-F1 298.30,0.9768,paddleocr,False,True,True,True,True,2,0.8696,0,0,1,22.08,459.82,481.9
0313_04659_b.jpg,71-C2 300.79,0.9937,paddleocr,False,True,True,True,True,2,0.8696,0,0,1,22.29,480.48,502.77
0313_05149_b.jpg,54-N4 6324,0.9988,paddleocr,False,True,True,True,True,1,0.9,0,0,0,21.82,477.99,499.81
0313_05945_b.jpg,59-D1 673.93,0.9428,paddleocr,False,True,True,True,True,2,0.8696,0,0,1,21.63,449.13,470.76
0313_05990_b.jpg,16-F2 6303,0.999,paddleocr,False,True,True,True,True,1,0.9,0,0,0,21.83,460.19,482.02
0313_07153_b.jpg,72-C1 39315,0.9868,paddleocr,False,True,True,True,True,1,0.9091,0,0,0,22.19,502.3,524.49
0314_05240_b.jpg,59-B1 378.58,0.9951,paddleocr,False,True,True,True,True,2,0.8696,0,0,1,25.83,477.25,503.07
0314_06109_b.jpg,47-AB 559.99,0.9902,paddleocr,False,True,True,True,True,2,0.8696,0,0,1,22.47,478.01,500.48
0315_04289_b.jpg,59-V2 486.12,0.9981,paddleocr,False,True,True,True,True,2,0.8696,0,0,1,22.09,450.33,472.42
0317_08220_b.jpg,79860 ZN-62,0.7508,paddleocr,False,True,False,False,False,8,0.4545,0,2,4,21.85,503.23,525.09
0318_04662_b.jpg,54-X4 5335,0.9985,paddleocr,False,True,True,True,True,1,0.9,0,0,0,22.17,477.72,499.89
0318_05402_b.jpg,54-L1 8811,0.9804,paddleocr,False,True,True,True,True,1,0.9,0,0,0,21.9,478.18,500.08
0319_06474_b.jpg,59-C2 048.37,0.9815,paddleocr,False,True,True,True,True,2,0.8696,0,0,1,22.01,472.22,494.23
0321_07303_b.jpg,54-S1 3034,0.9961,paddleocr,False,True,True,True,True,1,0.9,0,0,0,28.17,483.05,511.21
0322_05697_b.jpg,59-U1 528.84,0.9884,paddleocr,False,True,True,True,True,2,0.8696,0,0,1,21.92,461.89,483.81
0323_01887_b.jpg,59-D1 887.28,0.9861,paddleocr,False,True,True,True,True,2,0.8696,0,0,1,21.67,477.39,499.06
0323_05045_b.jpg,54-S7 3211,0.9962,paddleocr,False,True,True,True,True,1,0.9,0,0,0,21.14,478.51,499.64
0323_08009_b.jpg,49-B1 031.26,0.9976,paddleocr,False,True,True,True,True,2,0.8696,0,0,1,21.78,478.49,500.27
0324_00176_b.jpg,54-S4 6869,0.9877,paddleocr,False,True,True,True,True,1,0.9,0,0,0,21.53,501.84,523.37
0325_06296_b.jpg,54-H3 5581,0.9979,paddleocr,False,True,True,True,True,1,0.9,0,0,0,21.34,478.91,500.25
0326_04993_b.jpg,77-F1 253.89,0.9971,paddleocr,False,True,True,True,True,2,0.8696,0,0,1,22.16,500.37,522.53
0326_05383_b.jpg,"59-U1 ,38.68",0.9665,paddleocr,False,True,True,False,False,3,0.7826,0,0,2,21.57,479.3,500.87
0326_06770_b.jpg,51-H2 2933,0.9991,paddleocr,False,True,True,True,True,1,0.9,0,0,0,21.32,471.9,493.22
0326_08228_b.jpg,59-G1 126.71,0.9943,paddleocr,False,True,True,True,True,2,0.8696,0,0,1,20.98,476.34,497.32
0327_06891_b.jpg,51-K3 8796,0.9979,paddleocr,False,True,True,True,True,1,0.9,0,0,0,21.21,504.58,525.79
0327_07257_b.jpg,59-P1 947.51,0.9585,paddleocr,False,True,True,True,True,2,0.8696,0,0,1,21.98,499.68,521.66
0328_06476_b.jpg,59-C2 019.09,0.9984,paddleocr,False,True,True,True,True,2,0.8696,0,0,1,21.98,473.94,495.92
0333_05790_b.jpg,59-F1 322.10,0.9976,paddleocr,False,True,True,True,True,2,0.8696,0,0,1,23.33,500.27,523.61
0342_06180_b.jpg,59-T1 830.13,0.9923,paddleocr,False,True,True,True,True,2,0.8696,0,0,1,20.89,478.39,499.28
0343_04212_b.jpg,59-S2 015.72,0.998,paddleocr,False,True,True,True,True,2,0.8696,0,0,1,21.77,477.99,499.77
0350_08241_b.jpg,59-P2 207.70,0.9989,paddleocr,False,True,True,True,True,2,0.8696,0,0,1,21.8,481.69,503.49
0353_04104_b.jpg,52-F3 8889,0.9942,paddleocr,False,True,True,True,True,1,0.9,0,0,0,25.72,503.72,529.44
0353_05935_b.jpg,59-U1 729.79,0.9791,paddleocr,False,True,False,True,False,3,0.7826,0,1,1,22.09,479.0,501.09
0354_08079_b.jpg,69-F2 2140,0.9967,paddleocr,False,True,True,True,True,1,0.9,0,0,0,21.3,478.83,500.13
0356_06897_b.jpg,59-C1 559.80,0.9983,paddleocr,False,True,True,True,True,2,0.8696,0,0,1,22.0,478.87,500.87
0357_04948_b.jpg,8207 73-75,0.8262,paddleocr,False,False,False,False,False,9,0.2,2,2,3,22.46,485.88,508.33
0358_04877_b.jpg,59-E1 70762,0.9638,paddleocr,False,True,True,True,True,1,0.9091,0,0,0,22.14,483.75,505.89
0403_04146_b.jpg,69-C1 205.91,0.9964,paddleocr,False,True,True,True,True,2,0.8696,0,0,1,22.67,481.74,504.42
0403_07322_b.jpg,62-P1 532.21,0.9737,paddleocr,False,True,True,True,True,2,0.8696,0,0,1,22.53,479.99,502.52
0403_08185_b.jpg,66-N1 105.47,0.9837,paddleocr,False,True,True,True,True,2,0.8696,0,0,1,21.7,485.8,507.5
0405_04598_b.jpg,54-F2 8259,0.9972,paddleocr,False,True,True,True,True,1,0.9,0,0,0,21.68,498.7,520.39
0405_05175_b.jpg,78887 SO-69,0.6214,paddleocr,False,False,False,False,False,10,0.1818,2,2,5,22.01,479.23,501.23
0406_04580_b.jpg,55-P6 7093,0.9992,paddleocr,False,True,True,True,True,1,0.9,0,0,0,21.93,449.52,471.45
0408_01983_b.jpg,83 P2 131.73,0.9969,paddleocr,False,True,True,True,True,1,0.9565,0,0,1,21.99,475.2,497.19
0409_02113_b.jpg,68-LA 00776,0.9853,paddleocr,False,True,True,True,True,1,0.9091,0,0,0,22.19,500.27,522.46
0409_04711_b.jpg,59-T1 814.39,0.9957,paddleocr,False,True,True,True,True,2,0.8696,0,0,1,21.06,461.48,482.55
0409_05079_b.jpg,53-S7 7589,0.9863,paddleocr,False,True,True,True,True,1,0.9,0,0,0,21.74,476.36,498.1
0411_04882_b.jpg,59-U1 744.90,0.9977,paddleocr,False,True,True,True,True,2,0.8696,0,0,1,22.43,478.24,500.67
0412_02169_b.jpg,54-F1 6743,0.999,paddleocr,False,True,True,True,True,1,0.9,0,0,0,21.61,476.79,498.4
0412_06384_b.jpg,59-T1 202.43,0.9792,paddleocr,False,True,True,True,True,2,0.8696,0,0,1,22.04,502.48,524.52
0412_06438_b.jpg,59-M1 427.00,0.9019,paddleocr,False,True,True,False,False,3,0.7826,0,0,2,22.26,478.26,500.52
0414_05793_b.jpg,54-S8 4120,0.9959,paddleocr,False,True,True,True,True,1,0.9,0,0,0,21.55,501.95,523.51
0415_00096_b.jpg,59-P2 002.63,0.9977,paddleocr,False,True,True,True,True,2,0.8696,0,0,1,21.64,488.05,509.69
0415_07357_b.jpg,59-T1 279.57,0.9924,paddleocr,False,True,True,True,True,2,0.8696,0,0,1,22.68,477.97,500.64
0416_05808_b.jpg,L11L7 53-69,0.4314,paddleocr,False,False,False,False,False,9,0.2727,2,8,5,22.76,483.63,506.39
0416_06988_b.jpg,59-C1 23682,0.944,paddleocr,False,True,True,True,True,1,0.9091,0,0,0,22.48,501.84,524.33
0416_08281_b.jpg,59-V2 465.89,0.948,paddleocr,False,True,True,True,True,2,0.8696,0,0,1,22.57,477.99,500.57
0417_06790_b.jpg,86-B1 146.30,0.9949,paddleocr,False,True,True,True,True,2,0.8696,0,0,1,22.23,500.91,523.13
0419_05387_b.jpg,63-B5 125.34,0.9425,paddleocr,False,True,True,True,True,2,0.8696,0,0,1,22.65,498.53,521.18
0420_05895_b.jpg,59-U1 515.95,0.9683,paddleocr,False,True,True,True,True,2,0.8696,0,0,1,24.22,477.12,501.34
0420_08001_b.jpg,6775 6N-75,0.8843,paddleocr,False,False,False,False,False,10,0.4,2,2,4,22.01,480.46,502.47
0421_06749_b.jpg,59-T1 272.42,0.9924,paddleocr,False,True,True,True,True,2,0.8696,0,0,1,21.85,478.23,500.08
0422_06869_b.jpg,69-01 042.58,0.9832,paddleocr,False,True,True,True,True,3,0.7826,0,1,1,21.73,478.63,500.37
0424_04500_b.jpg,51-LD 5634,0.995,paddleocr,False,True,True,True,True,1,0.9,0,0,0,22.25,500.71,522.96
0425_04118_b.jpg,67-M2 5949,0.9377,paddleocr,False,True,True,True,True,1,0.9,0,0,0,21.75,476.87,498.62
0427_01058_b.jpg,59-T1 802.03,0.9978,paddleocr,False,True,True,True,True,2,0.8696,0,0,1,22.63,456.7,479.33
0427_04665_b.jpg,63-F6 8411,0.9918,paddleocr,False,True,True,True,True,1,0.9,0,0,0,22.31,500.7,523.01
0427_06378_b.jpg,59-D1 782.62,0.9975,paddleocr,False,True,True,True,True,2,0.8696,0,0,1,22.45,479.08,501.53
0427_08390_b.jpg,59-B1 234.68,0.9888,paddleocr,False,True,True,True,True,2,0.8696,0,0,1,21.72,505.85,527.57
0428_04599_b.jpg,62-L1 209.95,0.9758,paddleocr,False,True,True,True,True,2,0.8696,0,0,1,27.96,486.89,514.85
0428_06843_b.jpg,64-C1 042.62,0.9947,paddleocr,False,True,True,True,True,2,0.8696,0,0,1,23.43,497.35,520.78
0429_05226_b.jpg,92-L8 7156,0.9897,paddleocr,False,True,True,True,True,1,0.9,0,0,0,24.89,503.91,528.8
0429_05390_b.jpg,59-U1 769.47,0.9596,paddleocr,False,True,True,True,True,2,0.8696,0,0,1,21.68,481.51,503.19
0430_01270_b.jpg,59-V1 098.69,0.9914,paddleocr,False,True,True,True,True,2,0.8696,0,0,1,22.99,480.77,503.76
0430_08117_b.jpg,59-L2 113.47,0.9695,paddleocr,False,True,True,True,True,2,0.8696,0,0,1,22.05,456.92,478.97
0432_06360_b.jpg,59-U1 622.31,0.9898,paddleocr,False,True,True,True,True,2,0.8696,0,0,1,23.73,480.38,504.11
0432_08079_b.jpg,54-S1 9755,0.9981,paddleocr,False,True,True,True,True,1,0.9,0,0,0,23.27,451.67,474.94
0432_08145_b.jpg,59-S1 448.95,0.9815,paddleocr,False,True,True,True,True,2,0.8696,0,0,1,21.86,506.05,527.92
0434_06493_b.jpg,54-V8 5033,0.9976,paddleocr,False,True,True,True,True,1,0.9,0,0,0,23.07,512.36,535.43
0435_04232_b.jpg,59-V2 246.14,0.9376,paddleocr,False,True,True,True,True,2,0.8696,0,0,1,24.4,611.45,635.85
0438_04896_b.jpg,59-S1 418.03,0.9907,paddleocr,False,True,True,True,True,2,0.8696,0,0,1,35.39,472.65,508.05
0438_05376_b.jpg,59 C1 287.40,0.9284,paddleocr,False,True,True,True,True,1,0.9565,0,0,1,23.16,466.32,489.48
0438_05738_b.jpg,59-F1 524.78,0.9959,paddleocr,False,True,True,True,True,2,0.8696,0,0,1,22.84,483.54,506.38
0440_04793_b.jpg,59-S2 232.45,0.9788,paddleocr,False,True,True,True,True,2,0.8696,0,0,1,22.88,511.53,534.41
0440_08382_b.jpg,S1-D1 478.34,0.9667,paddleocr,False,False,False,False,False,3,0.7826,2,8,5,24.29,503.22,527.51
0442_01393_b.jpg,62-K1 095.71,0.9933,paddleocr,False,True,True,True,True,2,0.8696,0,0,1,30.45,492.81,523.27
0442_05398_b.jpg,59-V2 187.44,0.9613,paddleocr,False,True,True,True,True,2,0.8696,0,0,1,20.7,478.63,499.33
0442_06183_b.jpg,59-X1 418.19,0.9943,paddleocr,False,True,True,True,True,2,0.8696,0,0,1,21.32,459.04,480.36
0443_04187_b.jpg,59-F1 827.87,0.9926,paddleocr,False,True,True,True,True,2,0.8696,0,0,1,22.05,481.01,503.06
0443_05508_b.jpg,85-B1 028.36,0.9984,paddleocr,False,True,True,True,True,2,0.8696,0,0,1,21.25,446.02,467.27
0444_00002_b.jpg,51-U7 4598,0.9994,paddleocr,False,True,True,True,True,1,0.9,0,0,0,21.21,451.04,472.25
0444_06098_b.jpg,62-N1 369.34,0.948,paddleocr,False,True,True,True,True,2,0.8696,0,0,1,21.98,451.93,473.9
0444_06204_b.jpg,54-H3 3457,0.9988,paddleocr,False,True,True,True,True,1,0.9,0,0,0,22.29,482.69,504.98
0446_05976_b.jpg,54-U2 5965,0.9985,paddleocr,False,True,True,True,True,1,0.9,0,0,0,21.92,480.25,502.18
0448_08176_b.jpg,52-U4 0050,0.9604,paddleocr,False,True,True,True,True,1,0.9,0,0,0,22.15,478.43,500.58
0450_05991_b.jpg,72-D1 086.82,0.9969,paddleocr,False,True,True,True,True,2,0.8696,0,0,1,21.17,598.93,620.1
0453_06762_b.jpg,52-T8 5761,0.999,paddleocr,False,True,True,True,True,1,0.9,0,0,0,25.49,460.04,485.53
0454_06993_b.jpg,60-V7 7002,0.9966,paddleocr,False,True,True,True,True,1,0.9,0,0,0,23.31,481.61,504.92
0454_08363_b.jpg,59-G1 868.95,0.9868,paddleocr,False,True,True,True,True,2,0.8696,0,0,1,23.69,443.4,467.09
0456_06380_b.jpg,33-M7 3521,0.996,paddleocr,False,True,True,True,True,1,0.9,0,0,0,23.26,477.81,501.07
0458_04121_b.jpg,59-S2 460.39,0.9967,paddleocr,False,True,True,True,True,2,0.8696,0,0,1,22.69,479.75,502.45
0458_06343_b.jpg,29-B1 105.59,0.9763,paddleocr,False,True,True,True,True,2,0.8696,0,0,1,21.22,460.6,481.81
0459_00316_b.jpg,59-U1 497.26,0.9932,paddleocr,False,True,True,True,True,2,0.8696,0,0,1,20.99,478.09,499.09
0459_04862_b.jpg,43-S6 0133,0.9633,paddleocr,False,True,True,True,True,1,0.9,0,0,0,21.14,458.26,479.4
0459_07112_b.jpg,59-B1 338.72,0.9968,paddleocr,False,True,True,True,True,2,0.8696,0,0,1,23.14,498.08,521.22
0500_08181_b.jpg,59-Y1 864.94,0.9953,paddleocr,False,True,True,True,True,2,0.8696,0,0,1,22.2,477.91,500.11
0501_05229_b.jpg,55-X2 0010,0.9978,paddleocr,False,True,True,True,True,1,0.9,0,0,0,22.46,455.69,478.15
0502_05172_b.jpg,06229 L3-69,0.6455,paddleocr,False,False,False,False,False,10,0.3636,2,2,5,22.45,478.72,501.17
0502_05391_b.jpg,16-P9 6204,0.9992,paddleocr,False,True,True,True,True,1,0.9,0,0,0,22.61,480.23,502.84
0502_06635_b.jpg,59-N1 973.72,0.9691,paddleocr,False,True,False,True,False,3,0.7826,0,1,1,21.93,446.63,468.55
0502_07225_b.jpg,59-ST 78384,0.9397,paddleocr,False,True,False,True,False,2,0.8182,0,1,0,22.49,483.23,505.72
0503_05760_b.jpg,59-C1 436.89,0.9962,paddleocr,False,True,True,False,False,3,0.7826,0,0,2,21.79,448.84,470.62
0503_06352_b.jpg,77-X4 6391,0.9933,paddleocr,False,True,True,True,True,1,0.9,0,0,0,22.22,458.77,480.99
0504_05562_b.jpg,54-X8 2567,0.9965,paddleocr,False,True,True,True,True,1,0.9,0,0,0,22.26,448.28,470.54
0504_05844_b.jpg,59-B1 291.17,0.9931,paddleocr,False,True,True,True,True,2,0.8696,0,0,1,21.56,450.18,471.74
0504_06601_b.jpg,59-C1 351.32,0.9843,paddleocr,False,True,True,False,False,3,0.7826,0,0,2,20.9,476.37,497.28
0505_04350_b.jpg,59-X1 69592,0.9929,paddleocr,False,True,True,True,True,1,0.9091,0,0,0,21.22,467.62,488.84
0508_05465_b.jpg,59-Y1 602.71,0.9968,paddleocr,False,True,True,True,True,2,0.8696,0,0,1,22.69,477.6,500.29
0508_06887_b.jpg,59-T1 927.15,0.9933,paddleocr,False,True,True,True,True,2,0.8696,0,0,1,21.59,459.91,481.5
0511_02302_b.jpg,L7LL9 LA-63,0.7048,paddleocr,False,False,False,False,False,10,0.2727,2,9,5,22.07,480.44,502.51
0512_05758_b.jpg,54-P4 6793,0.9606,paddleocr,False,True,True,True,True,1,0.9,0,0,0,22.26,500.01,522.27
0513_08088_b.jpg,79-N1 259.90,0.9771,paddleocr,False,True,True,True,True,2,0.8696,0,0,1,21.11,476.91,498.03
0515_01686_b.jpg,54-K4 0723,0.9981,paddleocr,False,True,True,True,True,1,0.9,0,0,0,20.91,485.15,506.05
0518_05604_b.jpg,59-01 088.61,0.9525,paddleocr,False,True,True,True,True,3,0.7826,0,1,1,21.92,479.87,501.79
0519_02301_b.jpg,57789 5A-69,0.6458,paddleocr,False,False,False,False,False,8,0.3636,1,2,5,22.47,466.33,488.8
0519_02575_b.jpg,54-S9 2073,0.9809,paddleocr,False,True,True,True,True,1,0.9,0,0,0,22.16,450.18,472.34
0519_04391_b.jpg,60000 5S-69,0.6976,paddleocr,False,False,False,False,False,9,0.2727,2,2,3,22.02,449.39,471.41
0519_04671_b.jpg,94-K1 2426,0.9876,paddleocr,False,True,True,True,True,1,0.9,0,0,0,22.5,477.98,500.48
0519_08310_b.jpg,59-P2 230.50,0.998,paddleocr,False,True,True,True,True,2,0.8696,0,0,1,21.21,476.78,497.99
0520_05115_b.jpg,59-U1 452.67,0.9938,paddleocr,False,True,True,True,True,2,0.8696,0,0,1,21.29,476.98,498.27
0521_04268_b.jpg,78-N2 5941,0.9887,paddleocr,False,True,True,True,True,1,0.9,0,0,0,21.3,448.23,469.52
